Workbook

Sheet Methodology
A1: Tasman Mutual Bank — CIRMP All-Hazards Risk Register
A2: Document 2 | Methodology & scoring | Scenario-based portfolio artefact (fictional entity)
A4: Purpose
A5: This register identifies and rates material risks to TMB’s payment-systems / core-banking asset across the four CIRMP hazard vectors. Risks are scored before and after controls (inherent vs residual) on a 5×5 matrix, with treatments mapped to a 30/90/180-day remediation horizon. The methodology is harmonised with ISO 31000 and APRA CPS 230 operational-risk practice.
A8: Likelihood scale (1–5)
A9: Score | B9: Rating | C9: Descriptor
A10: 1 | B10: Rare | C10: May occur only in exceptional circumstances (< once in 5 years)
A11: 2 | B11: Unlikely | C11: Could occur but not expected (within 2–5 years)
A12: 3 | B12: Possible | C12: Might occur at some point (within 1–2 years)
A13: 4 | B13: Likely | C13: Will probably occur in most circumstances (within 12 months)
A14: 5 | B14: Almost certain | C14: Expected to occur in most circumstances (multiple times a year)
A16: Impact scale (1–5)
A17: Score | B17: Rating | C17: Descriptor (member / operational / regulatory)
A18: 1 | B18: Insignificant | C18: Negligible disruption; no member harm; no reportable event
A19: 2 | B19: Minor | C19: Short, contained disruption; minimal member impact; internal only
A20: 3 | B20: Moderate | C20: Noticeable disruption to a critical operation; some member impact; possible regulator notification
A21: 4 | B21: Major | C21: Critical operation breaches tolerance; widespread member harm; mandatory incident notification
A22: 5 | B22: Severe | C22: Sustained loss of a critical operation; systemic member harm; significant regulatory / reputational consequence
A24: Risk rating bands (Likelihood × Impact)
A25: Score range | B25: Rating | C25: Required action
A26: 16 – 25 | B26: Critical | C26: Board-level escalation; immediate treatment; track to closure
A27: 10 – 15 | B27: High | C27: Senior management ownership; treat within 90 days
A28: 5 – 9 | B28: Medium | C28: Manage by routine controls; treat within 180 days
A29: 1 – 4 | B29: Low | C29: Accept / monitor; review at next cycle
A31: CIRMP hazard vectors
A32: Vector | B32: CIRMP Rules | C32: What it covers
A33: Cyber & information security | B33: s8 | C33: Threats to the confidentiality, integrity or availability of the asset’s ICT and data (ransomware, intrusion, data breach)
A34: Personnel | B34: s9 | C34: Trusted-insider, screening, key-person and people-driven risks to the asset
A35: Supply chain | B35: s10 | C35: Risks arising from material service providers, concentration, nth-party dependencies and FOCI
A36: Physical & natural | B36: s11 | C36: Physical security of sites and natural-hazard / environmental threats to the asset
A38: Control effectiveness: Effective = controls reliably reduce the risk | Partial = controls exist but have gaps | Ineffective = controls absent or not operating.
A39: Note: TMB is fictional. Ratings and timelines are illustrative of a realistic mid-tier ADI, not measurements of a real entity.

Sheet Risk Register
A1: Tasman Mutual Bank — CIRMP All-Hazards Risk Register
A2: Document 2 | Risk register | Inherent → residual scoring across the four hazard vectors
A4: Risk ID | B4: Hazard Vector | C4: Risk Title | D4: Risk Description (cause → event → consequence) | E4: Affected Critical Operation | F4: CIRMP Rule | G4: Inh. L | H4: Inh. I | I4: Inh. Score | J4: Inh. Rating | K4: Key Existing Controls | L4: Control Effect. | M4: Res. L | N4: Res. I | O4: Res. Score | P4: Res. Rating | Q4: Treatment / Remediation | R4: Risk Owner | S4: Target | T4: Status
A5: CYB-01 | B5: Cyber & information security | C5: Ransomware on core banking / payments platform | D5: Phishing or exploited edge service → ransomware encrypts core platform → sustained loss of payments and deposit access. | E5: Payments and settlement | F5: s8 | G5: 4 | H5: 5 | I5: =G5*H5 -> 20 | J5: =IF(I5>=16,"Critical",IF(I5>=10,"High",IF(I5>=5,"Medium","Low"))) -> Critical | K5: EDR on endpoints; immutable offline backups; network segmentation; Essential Eight ML-1 baseline. | L5: Partial | M5: 2 | N5: 5 | O5: =M5*N5 -> 10 | P5: =IF(O5>=16,"Critical",IF(O5>=10,"High",IF(O5>=5,"Medium","Low"))) -> High | Q5: Uplift Essential Eight to ML-2; test isolated recovery to tolerance; segment payments zone. | R5: CISO | S5: 90 days | T5: In Progress
A6: CYB-02 | B6: Cyber & information security | C6: Privileged credential compromise | D6: Inconsistent MFA on legacy admin paths → stolen privileged credentials → unauthorised access to the asset. | E6: Card authorisation and processing | F6: s8 | G6: 4 | H6: 4 | I6: =G6*H6 -> 16 | J6: =IF(I6>=16,"Critical",IF(I6>=10,"High",IF(I6>=5,"Medium","Low"))) -> Critical | K6: Phishing-resistant MFA on most systems; PAM partially deployed; access reviews. | L6: Partial | M6: 2 | N6: 4 | O6: =M6*N6 -> 8 | P6: =IF(O6>=16,"Critical",IF(O6>=10,"High",IF(O6>=5,"Medium","Low"))) -> Medium | Q6: Enforce MFA on all admin access; complete PAM rollout; just-in-time privilege. | R6: CISO | S6: 30 days | T6: In Progress
A7: CYB-03 | B7: Cyber & information security | C7: Unpatched internet-facing systems | D7: Patch cadence gaps on internet-facing systems → known vulnerability exploited → data breach and NDB exposure. | E7: Internet and mobile banking | F7: s8 | G7: 3 | H7: 4 | I7: =G7*H7 -> 12 | J7: =IF(I7>=16,"Critical",IF(I7>=10,"High",IF(I7>=5,"Medium","Low"))) -> High | K7: Monthly patch cycle; quarterly vulnerability scanning; WAF. | L7: Partial | M7: 2 | N7: 4 | O7: =M7*N7 -> 8 | P7: =IF(O7>=16,"Critical",IF(O7>=10,"High",IF(O7>=5,"Medium","Low"))) -> Medium | Q7: 48-hour patch SLA for internet-facing systems; align to Essential Eight ML-2 patching. | R7: Head of Security Operations | S7: 90 days | T7: In Progress
A8: CYB-04 | B8: Cyber & information security | C8: DDoS on digital banking channels | D8: Volumetric or application-layer DDoS → degradation of internet/mobile banking → loss of member access. | E8: Internet and mobile banking | F8: s8 | G8: 3 | H8: 3 | I8: =G8*H8 -> 9 | J8: =IF(I8>=16,"Critical",IF(I8>=10,"High",IF(I8>=5,"Medium","Low"))) -> Medium | K8: CDN with DDoS scrubbing; rate limiting; upstream provider mitigation. | L8: Effective | M8: 2 | N8: 3 | O8: =M8*N8 -> 6 | P8: =IF(O8>=16,"Critical",IF(O8>=10,"High",IF(O8>=5,"Medium","Low"))) -> Medium | Q8: Validate failover and scrubbing capacity; run a DDoS scenario test. | R8: Head of Infrastructure | S8: 180 days | T8: Monitoring
A9: SUP-01 | B9: Supply chain | C9: Cloud concentration risk | D9: Core platform hosted with a single cloud provider → provider-wide outage → cascading loss of critical operations. | E9: Payments and settlement | F9: s10 | G9: 3 | H9: 5 | I9: =G9*H9 -> 15 | J9: =IF(I9>=16,"Critical",IF(I9>=10,"High",IF(I9>=5,"Medium","Low"))) -> High | K9: Single CSP with multi-AZ; DR region configured; CPS 230 service agreement. | L9: Partial | M9: 2 | N9: 5 | O9: =M9*N9 -> 10 | P9: =IF(O9>=16,"Critical",IF(O9>=10,"High",IF(O9>=5,"Medium","Low"))) -> High | Q9: Document exit / portability plan; strengthen MSP agreement; test cross-region recovery. | R9: Head of Third-Party Risk | S9: 180 days | T9: Open
A10: SUP-02 | B10: Supply chain | C10: Material payments processor failure | D10: Failure or insolvency of a material payments processor → inability to clear / settle → settlement disruption. | E10: Payments and settlement | F10: s10 | G10: 2 | H10: 5 | I10: =G10*H10 -> 10 | J10: =IF(I10>=16,"Critical",IF(I10>=10,"High",IF(I10>=5,"Medium","Low"))) -> High | K10: SLA and KPI monitoring; financial-viability checks at onboarding. | L10: Partial | M10: 2 | N10: 4 | O10: =M10*N10 -> 8 | P10: =IF(O10>=16,"Critical",IF(O10>=10,"High",IF(O10>=5,"Medium","Low"))) -> Medium | Q10: Build BCP for processor outage; assess alternate provider; add step-in / continuity clauses. | R10: Head of Payments | S10: 90 days | T10: Open
A11: SUP-03 | B11: Supply chain | C11: Fourth-party (nth-party) dependency opacity | D11: Limited visibility of material subcontractors behind key providers → unseen downstream failure → untracked exposure. | E11: Fraud detection and transaction monitoring | F11: s10 | G11: 3 | H11: 4 | I11: =G11*H11 -> 12 | J11: =IF(I11>=16,"Critical",IF(I11>=10,"High",IF(I11>=5,"Medium","Low"))) -> High | K11: Primary-vendor due diligence; limited nth-party mapping. | L11: Ineffective | M11: 2 | N11: 4 | O11: =M11*N11 -> 8 | P11: =IF(O11>=16,"Critical",IF(O11>=10,"High",IF(O11>=5,"Medium","Low"))) -> Medium | Q11: Map material subcontractors per CPS 230; require subcontractor-disclosure clauses; supply-chain vulnerability mapping per draft CIRMP rules. | R11: Head of Third-Party Risk | S11: 180 days | T11: Open
A12: SUP-04 | B12: Supply chain | C12: Vendor of concern (FOCI) & overseas processing | D12: Foreign ownership/control/influence in a key software supplier, plus overseas storage of sensitive operational information → interference / data-sovereignty risk. | E12: Card authorisation and processing | F12: s10 | G12: 3 | H12: 4 | I12: =G12*H12 -> 12 | J12: =IF(I12>=16,"Critical",IF(I12>=10,"High",IF(I12>=5,"Medium","Low"))) -> High | K12: Contractual security clauses; partial data-residency controls. | L12: Partial | M12: 2 | N12: 4 | O12: =M12*N12 -> 8 | P12: =IF(O12>=16,"Critical",IF(O12>=10,"High",IF(O12>=5,"Medium","Low"))) -> Medium | Q12: Conduct FOCI assessment of key suppliers; restrict overseas storage of sensitive operational information; align to draft CIRMP FOCI rules. | R12: Head of Third-Party Risk | S12: 180 days | T12: Open
A13: PER-01 | B13: Personnel | C13: Trusted-insider data exfiltration | D13: Privileged employee with broad access → deliberate exfiltration of member data → large-scale privacy breach. | E13: Deposit-taking and account access | F13: s9 | G13: 3 | H13: 5 | I13: =G13*H13 -> 15 | J13: =IF(I13>=16,"Critical",IF(I13>=10,"High",IF(I13>=5,"Medium","Low"))) -> High | K13: Partial DLP; periodic access reviews; logging. | L13: Partial | M13: 2 | N13: 4 | O13: =M13*N13 -> 8 | P13: =IF(O13>=16,"Critical",IF(O13>=10,"High",IF(O13>=5,"Medium","Low"))) -> Medium | Q13: Uplift DLP coverage; enforce least privilege; deploy user-behaviour analytics (UEBA). | R13: CISO / CHRO | S13: 90 days | T13: In Progress
A14: PER-02 | B14: Personnel | C14: Background screening gaps for trusted roles | D14: Pre-employment checks only, no periodic re-screening → undetected change in trusted-person risk → insider compromise. | E14: Payments and settlement | F14: s9 | G14: 3 | H14: 4 | I14: =G14*H14 -> 12 | J14: =IF(I14>=16,"Critical",IF(I14>=10,"High",IF(I14>=5,"Medium","Low"))) -> High | K14: Pre-employment police / identity checks; role-based access. | L14: Partial | M14: 2 | N14: 4 | O14: =M14*N14 -> 8 | P14: =IF(O14>=16,"Critical",IF(O14>=10,"High",IF(O14>=5,"Medium","Low"))) -> Medium | Q14: Establish a personnel security plan; periodic re-screening for trusted roles; prepare for AusCheck-style background checking. | R14: CHRO | S14: 90 days | T14: Open
A15: PER-03 | B15: Personnel | C15: Key-person dependency in payments operations | D15: Critical payments knowledge concentrated in a few individuals → unplanned departure / absence → inability to operate or recover. | E15: Payments and settlement | F15: s9 | G15: 4 | H15: 3 | I15: =G15*H15 -> 12 | J15: =IF(I15>=16,"Critical",IF(I15>=10,"High",IF(I15>=5,"Medium","Low"))) -> High | K15: Some documented runbooks; partial cross-skilling. | L15: Partial | M15: 2 | N15: 3 | O15: =M15*N15 -> 6 | P15: =IF(O15>=16,"Critical",IF(O15>=10,"High",IF(O15>=5,"Medium","Low"))) -> Medium | Q15: Cross-train; complete operational runbooks; define succession for key roles. | R15: Head of Payments Operations | S15: 180 days | T15: Open
A16: PER-04 | B16: Personnel | C16: Staff phishing / social engineering | D16: Targeted phishing or social engineering of staff → credential or session compromise → foothold into the asset. | E16: Internet and mobile banking | F16: s9 | G16: 4 | H16: 4 | I16: =G16*H16 -> 16 | J16: =IF(I16>=16,"Critical",IF(I16>=10,"High",IF(I16>=5,"Medium","Low"))) -> Critical | K16: Security awareness training; email filtering; MFA. | L16: Partial | M16: 3 | N16: 3 | O16: =M16*N16 -> 9 | P16: =IF(O16>=16,"Critical",IF(O16>=10,"High",IF(O16>=5,"Medium","Low"))) -> Medium | Q16: Run recurring phishing simulations; deploy phishing-resistant (FIDO2) MFA; tighten help-desk verification. | R16: CISO | S16: 90 days | T16: In Progress
... A20: PHY-04 | B20: Physical & natural | C20: Concurrent loss of primary and secondary sites | D20: Insufficient geographic separation between sites → a single regional event disables both → inability to recover within tolerance. | E20: Payments and settlement | F20: s11 | G20: 2 | H20: 5 | I20: =G20*H20 -> 10 | J20: =IF(I20>=16,"Critical",IF(I20>=10,"High",IF(I20>=5,"Medium","Low"))) -> High | K20: Two operating sites; separation distance unverified. | L20: Partial | M20: 1 | N20: 5 | O20: =M20*N20 -> 5 | P20: =IF(O20>=16,"Critical",IF(O20>=10,"High",IF(O20>=5,"Medium","Low"))) -> Medium | Q20: Verify geographic separation; define recovery-time tolerance; conduct a dual-site loss test. | R20: Head of Operational Resilience | S20: 180 days | T20: Open

Sheet Summary Dashboard
A1: Tasman Mutual Bank — CIRMP Risk Profile Summary
A2: Document 2 | Auto-calculated from the Risk Register tab
A4: Risks by hazard vector
A5: Category | B5: Count
A6: Cyber & information security | B6: =COUNTIF('Risk Register'!$B$5:$B$20,"Cyber & information security") -> 4
A7: Personnel | B7: =COUNTIF('Risk Register'!$B$5:$B$20,"Personnel") -> 4
A8: Supply chain | B8: =COUNTIF('Risk Register'!$B$5:$B$20,"Supply chain") -> 4
A9: Physical & natural | B9: =COUNTIF('Risk Register'!$B$5:$B$20,"Physical & natural") -> 4
A10: Total | B10: =SUM(B6:B9) -> 16
A13: Inherent risk distribution
A14: Category | B14: Count
A15: Critical | B15: =COUNTIF('Risk Register'!$J$5:$J$20,"Critical") -> 3
A16: High | B16: =COUNTIF('Risk Register'!$J$5:$J$20,"High") -> 10
A17: Medium | B17: =COUNTIF('Risk Register'!$J$5:$J$20,"Medium") -> 3
A18: Low | B18: =COUNTIF('Risk Register'!$J$5:$J$20,"Low") -> 0
A19: Total | B19: =SUM(B15:B18) -> 16
A22: Residual risk distribution
A23: Category | B23: Count
A24: Critical | B24: =COUNTIF('Risk Register'!$P$5:$P$20,"Critical") -> 0
A25: High | B25: =COUNTIF('Risk Register'!$P$5:$P$20,"High") -> 2
A26: Medium | B26: =COUNTIF('Risk Register'!$P$5:$P$20,"Medium") -> 13
A27: Low | B27: =COUNTIF('Risk Register'!$P$5:$P$20,"Low") -> 1
A28: Total | B28: =SUM(B24:B27) -> 16
A31: Residual High + Critical (priority backlog) | B31: =COUNTIF('Risk Register'!$P$5:$P$20,"Critical")+COUNTIF('Risk Register'!$P$5:$P$20,"High") -> 2
A33: Read this register alongside the four hazard-module documents and the CPS 230 supply-chain cross-map.
